timestamp,case_id,action,confidence_score,status,audit_flag
2026-08-25 10:00:00,INIT,System Initialization,1.0,SUCCESS,CLEAN
2026-08-25 13:40:51,DNS-01,AI Diagnosis Generated,0.98,ACCEPTED,CLEAN
2026-08-25 13:41:35,DNS-01,AI Diagnosis Generated,0.98,ACCEPTED,CLEAN
2026-08-25 13:41:42,VLAN-3,AI Diagnosis Generated,0.98,ACCEPTED,CLEAN
2026-08-25 13:46:13,DNS-01,AI Diagnosis Generated,0.98,ACCEPTED,CLEAN
2026-08-25 13:46:14,DNS-01,AI Diagnosis Generated,0.98,ACCEPTED,CLEAN
2026-08-25 13:46:55,GW_IP_01,AI Diagnosis Generated,0.98,ACCEPTED,CLEAN
2026-08-25 13:49:36,DNS-01,AI Diagnosis Generated,0.98,ACCEPTED,CLEAN
2026-08-25 13:49:36,DNS-01,AI Diagnosis Generated,0.98,ACCEPTED,CLEAN
2026-08-25 13:51:44,DNS-02,AI Diagnosis Generated,0.98,ACCEPTED,CLEAN
2026-08-25 13:51:48,DNS-03,AI Diagnosis Generated,0.98,ACCEPTED,CLEAN
2026-08-25 13:51:51,DNS-04,AI Diagnosis Generated,0.98,ACCEPTED,CLEAN
2026-08-25 13:51:58,SUBNET-01,AI Diagnosis Generated,0.98,ACCEPTED,CLEAN
2026-08-25 13:52:04,SUBNET-03,AI Diagnosis Generated,0.98,ACCEPTED,CLEAN
2026-08-25 13:52:07,DNS-01,AI Diagnosis Generated,0.98,ACCEPTED,CLEAN
2026-08-25 14:00:48,DNS-01,AI Diagnosis Generated,0.98,ACCEPTED,CLEAN
2026-08-25 14:00:48,DNS-01,AI Diagnosis Generated,0.98,ACCEPTED,CLEAN
2026-08-25 18:23:40,DNS-01,AI Diagnosis Generated,0.98,ACCEPTED,CLEAN
2026-08-25 18:23:40,DNS-01,AI Diagnosis Generated,0.98,ACCEPTED,CLEAN
2026-08-25 18:24:07,R_01,AI Diagnosis Generated,0.98,ACCEPTED,CLEAN
2026-08-25 18:24:10,R_02,AI Diagnosis Generated,0.98,ACCEPTED,CLEAN
2026-08-25 18:24:11,GW_IP_03,AI Diagnosis Generated,0.98,ACCEPTED,CLEAN
2026-08-25 18:24:14,R_03,AI Diagnosis Generated,0.98,ACCEPTED,CLEAN
2026-08-25 18:24:17,SUBNET-01,AI Diagnosis Generated,0.98,ACCEPTED,CLEAN
2026-08-25 18:34:48,DNS-01,AI Diagnosis Generated,0.98,ACCEPTED,CLEAN
2026-08-25 18:34:49,DNS-01,AI Diagnosis Generated,0.98,ACCEPTED,CLEAN
2026-08-25 18:38:34,GW_IP_03,AI Diagnosis Generated,0.98,ACCEPTED,CLEAN
2026-08-25 18:38:37,DNS-01,AI Diagnosis Generated,0.98,ACCEPTED,CLEAN
2026-08-25 18:40:47,DNS-01,AI Diagnosis Generated,0.98,ACCEPTED,CLEAN
2026-08-25 18:40:47,DNS-01,AI Diagnosis Generated,0.98,ACCEPTED,CLEAN
2026-08-25 18:41:01,ACL_02,AI Diagnosis Generated,0.98,ACCEPTED,CLEAN
2026-08-25 19:11:04,DNS-01,AI Diagnosis Generated,0.98,ACCEPTED,CLEAN
2026-08-25 19:11:04,DNS-01,AI Diagnosis Generated,0.98,ACCEPTED,CLEAN
2026-08-25 19:11:50,SUBNET-02,AI Diagnosis Generated,0.98,ACCEPTED,CLEAN
2026-08-25 19:11:54,ACL_02,AI Diagnosis Generated,0.98,ACCEPTED,CLEAN
2026-08-25 19:11:56,DNS-03,AI Diagnosis Generated,0.98,ACCEPTED,CLEAN
2026-08-25 19:12:10,SUBNET-03,AI Diagnosis Generated,0.98,ACCEPTED,CLEAN
2026-08-25 20:04:19,DNS-01,AI Diagnosis Generated,0.98,ACCEPTED,CLEAN
2026-08-25 20:57:58,DNS-01,AI Diagnosis Generated,0.98,ACCEPTED,CLEAN
2026-08-25 20:57:58,DNS-01,AI Diagnosis Generated,0.98,ACCEPTED,CLEAN
2026-08-25 21:01:56,ACL_02,AI Diagnosis Generated,0.98,ACCEPTED,CLEAN
2026-08-25 21:05:08,DNS-03,AI Diagnosis Generated,0.98,ACCEPTED,CLEAN
2026-08-25 21:10:56,DNS-01,AI Diagnosis Generated,0.98,ACCEPTED,CLEAN
2026-08-25 21:10:57,DNS-01,AI Diagnosis Generated,0.98,ACCEPTED,CLEAN
2026-08-25 21:32:50,DNS-01,AI Diagnosis Generated,0.98,ACCEPTED,CLEAN
2026-08-25 21:32:50,DNS-01,AI Diagnosis Generated,0.98,ACCEPTED,CLEAN
2026-08-26 14:00:05,DNS-01,AI Diagnosis Generated,0.98,ACCEPTED,CLEAN
2026-08-26 14:00:05,DNS-01,AI Diagnosis Generated,0.98,ACCEPTED,CLEAN
2026-08-26 21:16:30,DNS-01,AI Diagnosis Generated,0.98,ACCEPTED,CLEAN
2026-08-26 21:16:32,DNS-01,AI Diagnosis Generated,0.98,ACCEPTED,CLEAN